"Source:","/Users/peaceman/code/Arduino/Synkino/Synkino_KiCAD/Synkino.sch"
"Date:","2018 March 16, Friday 21:10:26"
"Tool:","Eeschema 4.0.7"
"Generator:","/Applications/Kicad/kicad.app/Contents/SharedSupport/plugins/bom_csv_grouped_by_value_with_fp.py"
"Component Count:","155"
"Ref","Qnty","Value","Cmp name","Footprint","Description","Vendor"
"AA0, ","1","AA0","TEST","Measurement_Points:Measurement_Point_Round-TH_Small","",""
"AA1, ","1","AA1","TEST","Measurement_Points:Measurement_Point_Round-TH_Small","",""
"AA2, ","1","AA2","TEST","Measurement_Points:Measurement_Point_Round-TH_Small","",""
"AA3, ","1","AA3","TEST","Measurement_Points:Measurement_Point_Round-TH_Small","",""
"AD4, ","1","AD4","TEST","Measurement_Points:Measurement_Point_Round-TH_Small","",""
"AD10, ","1","AD10","TEST","Measurement_Points:Measurement_Point_Round-TH_Small","",""
"C5, C2, C3, ","3","1u","C_Small","Capacitors_SMD:C_0805_HandSoldering","",""
"C7, C8, C41, C42, ","4","22p","C_Small","Capacitors_SMD:C_0805_HandSoldering","",""
"C9, ","1","10u","C_Small","Capacitors_SMD:C_0805_HandSoldering","",""
"C10, C11, C12, C38, ","4","1Âµ","C","Capacitors_SMD:C_0805_HandSoldering","",""
"C14, C18, ","2","33p","C_Small","Capacitors_SMD:C_0805_HandSoldering","",""
"C17, ","1","47n","C","Capacitors_SMD:C_0805_HandSoldering","",""
"C21, C19, ","2","10n","C","Capacitors_SMD:C_0805_HandSoldering","",""
"C24, C25, ","2","3n3","C","Capacitors_SMD:C_0805_HandSoldering","",""
"C30, C28, C15, C32, C33, C34, C37, C16, C20, C22, C26, C27, C29, C39, C1, C43, C4, C6, ","18","100n","C_Small","Capacitors_SMD:C_0805_HandSoldering","",""
"C35, C36, C31, C13, C23, C40, ","6","10u","CP","Capacitors_SMD:CP_Elec_4x5.8","",""
"CA0, ","1","CA0","TEST","Measurement_Points:Measurement_Point_Round-TH_Small","",""
"CA1, ","1","CA1","TEST","Measurement_Points:Measurement_Point_Round-TH_Small","",""
"CA2, ","1","CA2","TEST","Measurement_Points:Measurement_Point_Round-TH_Small","",""
"CA3, ","1","CA3","TEST","Measurement_Points:Measurement_Point_Round-TH_Small","",""
"CD5, ","1","CD5","TEST","Measurement_Points:Measurement_Point_Round-TH_Small","",""
"D1, ","1","BAV99","D","Diodes_SMD:D_SOT-23_NKA","",""
"D2, D3, ","2","LED_ALT","LED_ALT","LEDs:LED_0805_HandSoldering","",""
"GND1, ","1","GND","TEST","Measurement_Points:Measurement_Point_Round-TH_Small","",""
"GND2, ","1","GND","TEST","Measurement_Points:Measurement_Point_Square-SMD-Pad_Small","",""
"GNDA1, ","1","GNDA","TEST","Measurement_Points:Measurement_Point_Square-SMD-Pad_Small","",""
"J1, ","1","Conn_01x02_Male","Conn_01x02_Male","Connectors_Molex:Molex_KK-6410-02_02x2.54mm_Straight","Generic connector, single row, 01x02",""
"J2, J12, ","2","2.5mm","2.5mm","Synkino:SJ1-2503","",""
"J3, ","1","3.5mm","3.5mm","lib_fp:SJ1-352XNG","",""
"J4, ","1","Micro_SD_Card_Det_Hirose_DM3AT","Micro_SD_Card_Det_Hirose_DM3AT","lib_fp:HRS_DM3AT-SF-PEJM5","",""
"J5, ","1","EYE1_OUT","Conn_01x03_Male","Pin_Headers:Pin_Header_Straight_1x03_Pitch2.54mm","Generic connector, single row, 01x03",""
"J6, ","1","EYE6_OUT","Conn_01x03_Male","Pin_Headers:Pin_Header_Straight_1x03_Pitch2.54mm","Generic connector, single row, 01x03",""
"J7, ","1","EYE2_OUT","Conn_01x03_Male","Pin_Headers:Pin_Header_Straight_1x03_Pitch2.54mm","Generic connector, single row, 01x03",""
"J8, ","1","EYE7_OUT","Conn_01x03_Male","Pin_Headers:Pin_Header_Straight_1x03_Pitch2.54mm","Generic connector, single row, 01x03",""
"J9, ","1","EYE3_OUT","Conn_01x03_Male","Pin_Headers:Pin_Header_Straight_1x03_Pitch2.54mm","Generic connector, single row, 01x03",""
"J10, ","1","EYE8_OUT","Conn_01x03_Male","Pin_Headers:Pin_Header_Straight_1x03_Pitch2.54mm","Generic connector, single row, 01x03",""
"J11, ","1","EYE4_OUT","Conn_01x03_Male","Pin_Headers:Pin_Header_Straight_1x03_Pitch2.54mm","Generic connector, single row, 01x03",""
"J13, ","1","EYE5_OUT","Conn_01x03_Male","Pin_Headers:Pin_Header_Straight_1x03_Pitch2.54mm","Generic connector, single row, 01x03",""
"JP1, ","1","","Jumper_NC_Small","Pin_Headers:Pin_Header_Straight_1x02_Pitch2.54mm","",""
"Q1, ","1","IRF7319","IRF7319","Housings_SOIC:SOIC-8_3.9x4.9mm_Pitch1.27mm","",""
"Q2, ","1","BC847","BC847","TO_SOT_Packages_SMD:SOT-23_Handsoldering","45V Vce, 0.8A Ic, NPN, SOT-23",""
"R9, ","1","300k","R","Resistors_SMD:R_0805_HandSoldering","",""
"R13, R19, R27, R28, R29, R24, R23, R26, R5, R4, R1, R3, R6, R10, ","14","100k","R","Resistors_SMD:R_0805_HandSoldering","",""
"R14, ","1","10","R","Resistors_SMD:R_0805_HandSoldering","",""
"R15, ","1","1M","R","Resistors_SMD:R_0805_HandSoldering","",""
"R17, R16, ","2","20","R","Resistors_SMD:R_0805_HandSoldering","",""
"R18, ","1","470k","R","Resistors_SMD:R_0805_HandSoldering","",""
"R20, R21, ","2","470","R","Resistors_SMD:R_0805_HandSoldering","",""
"R22, R25, ","2","3k3","R","Resistors_SMD:R_0805_HandSoldering","",""
"R30, R47, ","2","270","R","Resistors_SMD:R_0805_HandSoldering","",""
"R33, R31, R46, R42, R50, R40, R32, R43, ","8","220","R","Resistors_SMD:R_0805_HandSoldering","",""
"R34, R38, R48, R44, R52, R41, R39, R45, ","8","47k","R","Resistors_SMD:R_0805_HandSoldering","",""
"R35, R36, R8, R11, R12, R2, ","6","10k","R","Resistors_SMD:R_0805_HandSoldering","",""
"R37, R7, ","2","22k","R","Resistors_SMD:R_0805_HandSoldering","",""
"SCL1, ","1","SCL","TEST","Measurement_Points:Measurement_Point_Round-TH_Small","",""
"SDA1, ","1","SDA","TEST","Measurement_Points:Measurement_Point_Round-TH_Small","",""
"SW1, SW3, ","2","SW_Push","SW_Push","Buttons_Switches_THT:SW_PUSH_6mm_h5mm","",""
"SW2, ","1","Rotary_Encoder_Switch","Rotary_Encoder_Switch","lib_fp:SW_PEC11","",""
"U1, ","1","MCP1702T-5002E/MB","MCP1700-5002E_SOT89","TO_SOT_Packages_SMD:SOT-23","",""
"U3, ","1","74HC4050","74HC4050","Housings_SOIC:SOIC-16_3.9x9.9mm_Pitch1.27mm","",""
"U4, ","1","SPIOLED128x64","SPIOLED128x64","lib_fp:SPIOLED","",""
"U5, ","1","AP7312-1833W6-7","AP7312-1833W6-7","lib_fp:AP7312","",""
"U6, ","1","74HC14","74HC14","Housings_SOIC:SOIC-14_3.9x8.7mm_Pitch1.27mm","",""
"U7, ","1","VS1053B","VS1053B","Housings_QFP:LQFP-48_7x7mm_Pitch0.5mm","",""
"U8, ","1","MAX4741","MAX4741","TO_SOT_Packages_SMD:SOT-23-8_Handsoldering","",""
"U10, U2, ","2","ATMEGA328P-AU","ATMEGA328P-AU","Housings_QFP:TQFP-32_7x7mm_Pitch0.8mm","",""
"U11, U9, U16, U14, U18, U13, U12, U15, ","8","QRE1113","QRE1113","lib_fp:QRE1113GR","",""
"X3, X1, ","2","FTDIconn","FTDIconn","Pin_Headers:Pin_Header_Straight_1x06_Pitch2.54mm","",""
"X4, X2, ","2","ICSP","ICSP","Pin_Headers:Pin_Header_Straight_2x03_Pitch2.54mm","",""
"Y1, Y3, ","2","16Mhz","Crystal_Small","lib_fp:CRYSTAL_7A","",""
"Y2, ","1","12.288MHz","Crystal","lib_fp:CRYSTAL_7A","",""
